Course,Average,Max,Min
Math,82.26666666666667,96,65
English,83.4,94,69
Physics,82.13333333333334,94,66
Chemistry,83.6,95,69
Biology,83.86666666666666,95,70
History,85.0,95,75
Geography,83.33333333333333,94,68
